{"mean":{"confidence_interval":{"confidence_level":0.95,"lower_bound":205705.05504151623,"upper_bound":207186.17535916815},"point_estimate":206417.44863516424,"standard_error":378.3030100565992},"median":{"confidence_interval":{"confidence_level":0.95,"lower_bound":204132.65217391305,"upper_bound":204942.6002201027},"point_estimate":204607.20666666667,"standard_error":219.929960592524},"median_abs_dev":{"confidence_interval":{"confidence_level":0.95,"lower_bound":588.9547569826958,"upper_bound":1631.7421413971906},"point_estimate":1086.1738051630161,"standard_error":275.90991269082923},"slope":{"confidence_interval":{"confidence_level":0.95,"lower_bound":206664.2507382864,"upper_bound":208715.97920765393},"point_estimate":207653.53173459435,"standard_error":524.7374689167816},"std_dev":{"confidence_interval":{"confidence_level":0.95,"lower_bound":3059.079372137907,"upper_bound":4417.145909029251},"point_estimate":3809.428368668063,"standard_error":346.48437711968484}}