{"mean":{"confidence_interval":{"confidence_level":0.95,"lower_bound":51932.914774517325,"upper_bound":52627.55345217501},"point_estimate":52254.35307148702,"standard_error":177.81620191956682},"median":{"confidence_interval":{"confidence_level":0.95,"lower_bound":51709.754385964916,"upper_bound":51976.89473684211},"point_estimate":51805.96001647188,"standard_error":65.32298036315366},"median_abs_dev":{"confidence_interval":{"confidence_level":0.95,"lower_bound":482.2059761640201,"upper_bound":895.5266554178985},"point_estimate":636.8197289617011,"standard_error":99.64938589358337},"slope":{"confidence_interval":{"confidence_level":0.95,"lower_bound":51564.6776107489,"upper_bound":52295.48974129991},"point_estimate":51887.22091123331,"standard_error":186.3296015914228},"std_dev":{"confidence_interval":{"confidence_level":0.95,"lower_bound":1135.3575152321748,"upper_bound":2372.6161848699467},"point_estimate":1794.0605618542245,"standard_error":317.22319769829755}}